datum_eerste_toelating,kenteken
1961.0,3
1965.0,1
1967.0,1
1968.0,1
1969.0,1
1971.0,1
1972.0,2
1974.0,2
1975.0,3
1976.0,8
1977.0,2
1978.0,2
1979.0,2
1980.0,15
1981.0,14
1982.0,1
1983.0,4
1984.0,2
1985.0,2
1986.0,3
1987.0,1
1988.0,3
1989.0,2
1990.0,5
1991.0,4
1992.0,5
1993.0,4
1994.0,2
1995.0,4
1996.0,7
1997.0,21
1998.0,9
1999.0,9
2000.0,25
2001.0,100
2002.0,31
2003.0,44
2004.0,47
2005.0,153
2006.0,97
2007.0,65
2008.0,156
2009.0,161
2010.0,116
2011.0,230
2012.0,119
2013.0,74
2014.0,137
2015.0,396
2016.0,55
2017.0,62
2018.0,107
2019.0,69
2020.0,63
2021.0,65
2022.0,81
2023.0,76
2024.0,219
2025.0,46
2026.0,57
