toelating_jaar,Alcohol,Benzine,CNG,Diesel,Elektriciteit,LPG
1961.0,0,3,0,0,0,1
1965.0,0,1,0,0,0,0
1967.0,0,1,0,0,0,0
1968.0,0,1,0,0,0,0
1969.0,0,0,0,1,0,0
1971.0,0,1,0,0,0,0
1972.0,0,2,0,0,0,1
1974.0,0,2,0,0,0,0
1975.0,0,3,0,0,0,0
1976.0,0,7,0,1,0,1
1977.0,0,2,0,0,0,0
1978.0,0,2,0,0,0,2
1979.0,0,1,0,0,0,1
1980.0,0,14,0,1,0,2
1981.0,0,14,0,0,0,1
1982.0,0,0,0,1,0,0
1983.0,0,3,0,1,0,0
1984.0,0,1,0,1,0,0
1985.0,0,2,0,0,0,0
1986.0,0,0,0,3,0,0
1987.0,0,1,0,0,0,0
1988.0,0,3,0,0,0,0
1989.0,0,1,0,1,0,0
1990.0,0,4,0,1,0,0
1991.0,0,2,0,1,0,0
1992.0,0,4,0,1,0,0
1993.0,0,4,0,0,0,0
1994.0,0,1,0,1,0,0
1995.0,0,3,0,1,0,0
1996.0,0,5,0,2,0,0
1997.0,0,7,0,0,0,0
1998.0,0,8,0,0,0,0
1999.0,0,6,0,3,0,0
2000.0,0,21,0,2,0,0
2001.0,0,88,0,10,0,3
2002.0,0,25,0,6,0,0
2003.0,0,41,0,3,0,0
2004.0,0,44,0,3,0,0
2005.0,0,145,0,7,0,3
2006.0,0,49,0,9,0,1
2007.0,0,54,0,10,0,0
2008.0,1,139,0,17,1,0
2009.0,0,147,0,12,0,2
2010.0,0,104,0,12,1,3
2011.0,1,192,1,34,6,2
2012.0,0,95,1,22,4,2
2013.0,1,60,0,11,10,0
2014.0,0,106,0,30,5,0
2015.0,0,320,0,72,47,1
2016.0,0,32,0,22,4,0
2017.0,0,39,0,12,14,1
2018.0,0,77,0,25,11,0
2019.0,0,42,0,17,8,0
2020.0,0,47,0,8,22,0
2021.0,0,41,0,9,39,1
2022.0,0,43,0,18,42,0
2023.0,0,52,0,11,40,0
2024.0,0,127,0,15,169,1
2025.0,0,29,0,0,26,0
2026.0,0,33,0,1,37,0
