toelating_jaar,merk,count
1961.0,CITROEN,1
1965.0,FORD,1
1967.0,ZUNDAPP,1
1968.0,AUSTIN,1
1969.0,JOHN DEERE,1
1971.0,OPEL,1
1972.0,HONDA,1
1974.0,MG,1
1975.0,JAGUAR,1
1976.0,CHEVROLET,1
1977.0,FORD,1
1978.0,MERCEDES-BENZ,1
1979.0,FORD,1
1980.0,BMW,2
1981.0,CITROEN,3
1982.0,MERCEDES-BENZ,1
1983.0,HONDA,2
1984.0,DAIMLER BENZ,1
1985.0,VOLKSWAGEN,2
1986.0,MERCEDES-BENZ,2
1987.0,BMW,1
1988.0,HARLEY DAVIDSON,1
1989.0,FIAT,1
1990.0,ENFIELD,1
1991.0,KLAGIE FAHRZEUGBAU,1
1992.0,BMW,1
1993.0,ALFA ROMEO,1
1994.0,MAZDA,1
1995.0,VOLKSWAGEN,2
1996.0,AUTO UNION,1
1997.0,HAPERT,4
1998.0,BMW,1
1999.0,FIAT,3
2000.0,BMW,4
2001.0,PEUGEOT,12
2002.0,MERCEDES-BENZ,4
2003.0,OPEL,6
2004.0,OPEL,5
2005.0,PEUGEOT,13
2006.0,HOBBY,22
2007.0,TOYOTA,12
2008.0,OPEL,20
2009.0,VOLKSWAGEN,29
2010.0,OPEL,14
2011.0,VOLKSWAGEN,30
2012.0,VOLKSWAGEN,23
2013.0,VOLKSWAGEN,10
2014.0,SEAT,18
2015.0,VOLKSWAGEN,63
2016.0,VOLKSWAGEN,11
2017.0,VOLKSWAGEN,10
2018.0,VOLKSWAGEN,12
2019.0,VOLKSWAGEN,8
2020.0,VOLKSWAGEN,7
2021.0,VOLKSWAGEN,11
2022.0,VOLKSWAGEN,14
2023.0,BMW,9
2024.0,TESLA,29
2025.0,SUZUKI,7
2026.0,BMW,6
